{"train": [4.878310884748187, 4.286049808774676, 4.139139158385141, 4.070904987198966, 4.005607349531991], "val": [4.3754565715789795, 4.193332467760358, 4.087746688297817, 4.026842994349344, 3.9823332854679654]}